{
  "Queue": "arn:aws:mediaconvert:us-west-2:082266425766:queues/Default",
  "UserMetadata": {},
  "Role": "arn:aws:iam::082266425766:role/MediaConvert_Default_Role",
  "Settings": {
    "TimecodeConfig": {
      "Source": "ZEROBASED"
    },
    "OutputGroups": [
      {
        "Name": "File Group",
        "Outputs": [
          {
            "ContainerSettings": {
              "Container": "MP4",
              "Mp4Settings": {
                "CslgAtom": "INCLUDE",
                "CttsVersion": 0,
                "FreeSpaceBox": "EXCLUDE",
                "MoovPlacement": "PROGRESSIVE_DOWNLOAD"
              }
            },
            "VideoDescription": {
              "Width": 1280,
              "ScalingBehavior": "DEFAULT",
              "Height": 720,
              "VideoPreprocessors": {
                "ImageInserter": {
                  "InsertableImages": [
                    {
                      "Width": 660,
                      "Height": 150,
                      "ImageX": 200,
                      "ImageY": 200,
                      "Duration": 8000,
                      "FadeIn": 2000,
                      "Layer": 1,
                      "ImageInserterInput": "s3://koreva-liubov-input-bucket/hi-magine.png",
                      "StartTime": "00:00:00:00",
                      "FadeOut": 2000,
                      "Opacity": 80
                    }
                  ]
                }
              },
              "TimecodeInsertion": "DISABLED",
              "AntiAlias": "ENABLED",
              "Sharpness": 50,
              "CodecSettings": {
                "Codec": "H_264",
                "H264Settings": {
                  "InterlaceMode": "PROGRESSIVE",
                  "NumberReferenceFrames": 3,
                  "Syntax": "DEFAULT",
                  "Softness": 0,
                  "GopClosedCadence": 1,
                  "GopSize": 90,
                  "Slices": 1,
                  "GopBReference": "DISABLED",
                  "SlowPal": "DISABLED",
                  "SpatialAdaptiveQuantization": "ENABLED",
                  "TemporalAdaptiveQuantization": "ENABLED",
                  "FlickerAdaptiveQuantization": "DISABLED",
                  "EntropyEncoding": "CABAC",
                  "Bitrate": 2000000,
                  "FramerateControl": "INITIALIZE_FROM_SOURCE",
                  "RateControlMode": "CBR",
                  "CodecProfile": "MAIN",
                  "Telecine": "NONE",
                  "MinIInterval": 0,
                  "AdaptiveQuantization": "HIGH",
                  "CodecLevel": "AUTO",
                  "FieldEncoding": "PAFF",
                  "SceneChangeDetect": "ENABLED",
                  "QualityTuningLevel": "SINGLE_PASS",
                  "FramerateConversionAlgorithm": "DUPLICATE_DROP",
                  "UnregisteredSeiTimecode": "DISABLED",
                  "GopSizeUnits": "FRAMES",
                  "ParControl": "INITIALIZE_FROM_SOURCE",
                  "NumberBFramesBetweenReferenceFrames": 2,
                  "RepeatPps": "DISABLED",
                  "DynamicSubGop": "STATIC"
                }
              },
              "AfdSignaling": "NONE",
              "DropFrameTimecode": "ENABLED",
              "RespondToAfd": "NONE",
              "ColorMetadata": "INSERT"
            },
            "AudioDescriptions": [
              {
                "AudioTypeControl": "FOLLOW_INPUT",
                "CodecSettings": {
                  "Codec": "AAC",
                  "AacSettings": {
                    "AudioDescriptionBroadcasterMix": "NORMAL",
                    "Bitrate": 96000,
                    "RateControlMode": "CBR",
                    "CodecProfile": "LC",
                    "CodingMode": "CODING_MODE_2_0",
                    "RawFormat": "NONE",
                    "SampleRate": 48000,
                    "Specification": "MPEG4"
                  }
                },
                "LanguageCodeControl": "FOLLOW_INPUT"
              }
            ],
            "Extension": "mp4",
            "NameModifier": "_output"
          }
        ],
        "OutputGroupSettings": {
          "Type": "FILE_GROUP_SETTINGS",
          "FileGroupSettings": {
            "Destination": "s3://koreva-liubov-output-bucket/"
          }
        }
      }
    ],
    "AdAvailOffset": 0,
    "Inputs": [
      {
        "InputClippings": [
          {
            "StartTimecode": "00:00:00:00"
          }
        ],
        "AudioSelectors": {
          "Audio Selector 1": {
            "Offset": 0,
            "DefaultSelection": "DEFAULT",
            "ProgramSelection": 1
          }
        },
        "VideoSelector": {
          "ColorSpace": "FOLLOW",
          "Rotate": "DEGREE_0",
          "AlphaBehavior": "DISCARD"
        },
        "FilterEnable": "AUTO",
        "PsiControl": "USE_PSI",
        "FilterStrength": 0,
        "DeblockFilter": "DISABLED",
        "DenoiseFilter": "DISABLED",
        "TimecodeSource": "ZEROBASED",
        "FileInput": "s3://koreva-liubov-input-bucket/10-sec-beach.mp4"
      }
    ]
  },
  "AccelerationSettings": {
    "Mode": "DISABLED"
  },
  "StatusUpdateInterval": "SECONDS_60",
  "Priority": 0
}